DATE,p_saving_rate,target,mortgage,permit,population,emratio,income,new_private_hw_under,gdp,home_ow_rate,House_starts,total_emp_cons,labor_percent,monthly_supply,unemployed_rate,MspUS
01-01-1987,9.4,63.735,9.204,1690,241857,61,3820.2,1090,4722.156,63.9,1774,5007,65.4,6,6.6,97900
01-02-1987,8.2,64.135,9.0825,1689,242005,61.1,3845,1096,4722.156,63.9,1784,5038,65.5,6.2,6.6,97900
01-03-1987,8.1,64.47,9.035,1704,242166,61.2,3863.8,1084,4722.156,63.9,1726,5039,65.5,6,6.6,97900
01-04-1987,4.1,64.973,9.8325,1601,242338,61.3,3875.4,1079,4806.16,63.9,1614,5053,65.4,6,6.3,103400
01-05-1987,7.8,65.547,10.596,1500,242516,61.6,3908.6,1070,4806.16,63.9,1628,5080,65.7,6.7,6.3,103400
01-06-1987,7.3,66.218,10.5375,1522,242706,61.4,3919.7,1060,4806.16,63.9,1594,5086,65.5,6.9,6.2,103400
01-07-1987,7.1,66.786,10.278,1516,242908,61.6,3942.1,1051,4884.555,64.1,1575,5092,65.6,6.7,6.1,106000
01-08-1987,6.8,67.27,10.33,1511,243118,61.8,3978.6,1045,4884.555,64.1,1605,5102,65.7,6.8,6,106000
01-09-1987,7.2,67.624,10.8875,1514,243335,61.6,3995.6,1048,4884.555,64.1,1695,5096,65.5,6.8,5.9,106000
01-10-1987,7.9,67.903,11.26,1447,243543,61.8,4034.7,1041,5007.994,64.1,1515,5142,65.7,6.8,6,111500
01-11-1987,8.2,68.093,10.65,1457,243724,61.9,4062.1,1042,5007.994,64.1,1656,5152,65.7,7,5.8,111500
01-12-1987,8.4,68.344,10.64,1345,243895,62,4115.7,1018,5007.994,64.1,1400,5180,65.7,7.6,5.7,111500
01-01-1988,7.9,68.583,10.3825,1244,244056,62,4128.2,1008,5073.372,63.8,1271,5094,65.8,7.5,5.7,110000
01-02-1988,8.4,68.916,9.8925,1438,244205,62.1,4153,976,5073.372,63.8,1473,5162,65.9,6.6,5.7,110000
01-03-1988,8,69.325,9.93,1525,244362,61.9,4178.3,994,5073.372,63.8,1532,5201,65.7,6.6,5.7,110000
01-04-1988,8.7,69.789,10.202,1429,244528,62.2,4209.5,999,5190.036,63.8,1573,5227,65.8,6.4,5.4,110000
01-05-1988,8.3,70.409,10.455,1444,244708,62,4225.9,987,5190.036,63.8,1421,5228,65.7,6.6,5.6,110000
01-06-1988,8.4,71.068,10.46,1485,244914,62.3,4258.9,980,5190.036,63.8,1478,5261,65.8,6.2,5.4,110000
01-07-1988,8.6,71.686,10.432,1439,245131,62.3,4298.8,971,5282.835,63.8,1467,5270,65.9,6.6,5.4,115000
01-08-1988,8.4,72.185,10.5975,1460,245352,62.4,4323,967,5282.835,63.8,1493,5268,66.1,6.6,5.6,115000
01-09-1988,8.8,72.574,10.48,1436,245579,62.4,4352.5,958,5282.835,63.8,1492,5270,65.9,6.5,5.4,115000
01-10-1988,8.6,72.822,10.3025,1516,245789,62.5,4391.1,953,5399.509,63.8,1522,5262,66,6,5.4,113900
01-11-1988,8.4,73.065,10.265,1508,245970,62.7,4402.5,960,5399.509,63.8,1569,5273,66.2,7.2,5.3,113900
01-12-1988,8.3,73.279,10.612,1501,246140,62.6,4438.6,955,5399.509,63.8,1563,5277,66.1,6.8,5.3,113900
01-01-1989,8.5,73.617,10.73,1466,246301,62.9,4501.5,955,5511.253,64,1621,5289,66.5,6.2,5.4,118000
01-02-1989,8.9,73.968,10.645,1383,246454,62.9,4529.6,947,5511.253,64,1425,5278,66.3,7.5,5.2,118000
01-03-1989,9.4,74.41,11.032,1214,246626,62.9,4570.2,940,5511.253,64,1422,5260,66.3,8.2,5,118000
01-04-1989,8.3,74.868,11.05,1376,246814,62.9,4582.5,922,5612.463,63.9,1339,5295,66.4,7.4,5.2,118900
01-05-1989,8,75.296,10.7725,1381,247010,62.9,4579.4,913,5612.463,63.9,1331,5299,66.3,7.1,5.2,118900
01-06-1989,8.1,75.696,10.196,1322,247228,63,4602.2,913,5612.463,63.9,1397,5298,66.5,7.2,5.3,118900
01-07-1989,8.1,76.042,9.8825,1283,247458,63,4628.5,918,5695.365,63.9,1427,5317,66.5,6.1,5.2,120000
01-08-1989,7.5,76.273,9.985,1334,247695,63.1,4639.1,901,5695.365,63.9,1332,5330,66.5,6.4,5.2,120000
01-09-1989,7.9,76.422,10.126,1314,247942,62.8,4662.3,895,5695.365,63.9,1279,5323,66.4,7.1,5.3,120000
01-10-1989,8.4,76.489,9.9475,1365,248174,62.9,4703,897,5747.237,63.7,1410,5347,66.5,6.9,5.3,124800
01-11-1989,8.5,76.522,9.7675,1344,248380,63,4718.1,882,5747.237,63.7,1351,5364,66.6,6.6,5.4,124800
01-12-1989,7.7,76.498,9.744,1422,248569,63,4735.7,885,5747.237,63.7,1251,5309,66.5,7,5.4,124800
01-01-1990,7.9,76.527,9.895,1748,248743,63.2,4783.8,891,5872.701,64.1,1551,5422,66.8,7,5.4,123900
01-02-1990,8.5,76.587,10.1975,1329,248920,63.2,4819.8,898,5872.701,64.1,1437,5416,66.7,7.6,5.3,123900
01-03-1990,8.3,76.79,10.268,1246,249146,63.2,4842.7,885,5872.701,64.1,1289,5392,66.7,7.8,5.2,123900
01-04-1990,8.7,77.038,10.37,1136,249436,63,4883.8,872,5960.028,63.9,1248,5355,66.6,8.3,5.4,126800
01-05-1990,8.7,77.297,10.4775,1067,249707,63.1,4889.5,858,5960.028,63.9,1212,5321,66.6,8.2,5.4,126800
01-06-1990,8.6,77.505,10.164,1108,249990,62.9,4919.3,846,5960.028,63.9,1177,5303,66.4,7.9,5.2,126800
01-07-1990,8.7,77.561,10.035,1078,250285,62.8,4948.2,831,6015.116,63.9,1171,5274,66.5,7.8,5.5,117000
01-08-1990,8.1,77.479,10.1,1069,250595,62.7,4949.9,813,6015.116,63.9,1115,5234,66.5,8.2,5.7,117000
01-09-1990,8.1,77.229,10.175,976,250904,62.5,4978.6,793,6015.116,63.9,1110,5197,66.4,8.4,5.9,117000
01-10-1990,7.9,76.912,10.1775,925,251201,62.5,4966.5,766,6004.733,64,1014,5134,66.4,8.7,5.9,121500
01-11-1990,8,76.381,10.014,941,251486,62.3,4973.5,758,6004.733,64,1145,5095,66.4,8.2,6.2,121500
01-12-1990,8.8,75.972,9.6725,861,251758,62.2,5004.1,745,6004.733,64,969,5047,66.4,8.5,6.3,121500
01-01-1991,9.4,75.533,9.6375,786,252012,62,4990.4,716,6035.178,64,798,4972,66.2,9.4,6.4,120000
01-02-1991,9,75.249,9.365,853,252253,61.9,4997.1,710,6035.178,64,965,4929,66.2,7.9,6.6,120000
01-03-1991,8.1,75.136,9.5,911,252507,61.8,5005.8,678,6035.178,64,921,4881,66.3,7.3,6.8,120000
01-04-1991,8.7,75.315,9.4925,916,252778,62,5034.3,670,6126.862,64.1,1001,4842,66.4,7.3,6.7,119900
01-05-1991,8.5,75.768,9.472,991,253060,61.6,5055.9,662,6126.862,64.1,996,4800,66.2,7,6.9,119900
01-06-1991,9,76.253,9.615,964,253350,61.7,5090.8,654,6126.862,64.1,1036,4782,66.2,7,6.9,119900
01-07-1991,8.4,76.517,9.575,973,253650,61.6,5087,652,6205.937,64.1,1063,4752,66.1,7.1,6.8,120000
01-08-1991,8.7,76.594,9.244,944,253966,61.5,5108.4,651,6205.937,64.1,1049,4733,66,6.8,6.9,120000
01-09-1991,8.9,76.575,9.0075,974,254280,61.6,5141.5,633,6205.937,64.1,1015,4728,66.2,7.4,6.9,120000
01-10-1991,9.4,76.29,8.855,991,254576,61.5,5157.7,630,6264.54,64.1,1079,4698,66.1,6.7,7,120000
01-11-1991,9.1,76.03,8.712,984,254841,61.4,5177,636,6264.54,64.1,1103,4640,66.1,6.2,7,120000
01-12-1991,9.8,75.844,8.4975,1061,255089,61.2,5233,633,6264.54,64.1,1079,4647,66,6.2,7.3,120000
01-01-1992,9.5,75.7,8.432,1077,255331,61.5,5264.8,639,6363.102,64.1,1176,4667,66.3,5.2,7.3,119500
01-02-1992,9.8,75.655,8.7625,1146,255576,61.3,5303.2,630,6363.102,64.1,1250,4612,66.2,4.9,7.4,119500
01-03-1992,9.7,75.814,8.935,1082,255848,61.5,5323.8,656,6363.102,64.1,1297,4621,66.4,6.1,7.4,119500
01-04-1992,9.8,76.08,8.8525,1054,256139,61.6,5357.4,650,6470.763,64.1,1099,4603,66.5,6.1,7.4,120000
01-05-1992,9.8,76.398,8.672,1056,256437,61.5,5392.4,650,6470.763,64.1,1214,4605,66.6,6,7.6,120000
01-06-1992,10,76.602,8.51,1057,256742,61.5,5424,644,6470.763,64.1,1145,4584,66.7,5.6,7.8,120000
01-07-1992,9.5,76.711,8.128,1089,257063,61.6,5437.1,629,6566.641,64.1,1139,4570,66.7,5.3,7.7,120000
01-08-1992,9.6,76.732,7.975,1075,257390,61.6,5465.1,635,6566.641,64.1,1226,4581,66.6,5.2,7.6,120000
01-09-1992,8.6,76.628,7.9225,1114,257704,61.4,5452.8,638,6566.641,64.1,1186,4584,66.5,5,7.6,120000
01-10-1992,7.9,76.598,8.088,1132,258004,61.3,5444.9,643,6680.803,64.3,1244,4600,66.2,5.1,7.3,126000
01-11-1992,7.9,76.579,8.305,1118,258280,61.4,5467.4,641,6680.803,64.3,1214,4606,66.3,5.4,7.4,126000
01-12-1992,10.5,76.464,8.206,1176,258546,61.4,5676.8,638,6680.803,64.3,1227,4630,66.3,5,7.4,126000
01-01-1993,8.5,76.395,7.9925,1177,258799,61.4,5534.1,636,6729.459,63.9,1210,4664,66.2,5.4,7.3,125000
01-02-1993,8.8,76.327,7.6825,1148,259036,61.4,5568,640,6729.459,63.9,1210,4714,66.2,5.3,7.1,125000
01-03-1993,8.8,76.382,7.495,1056,259283,61.5,5565,633,6729.459,63.9,1083,4676,66.2,5.4,7,125000
01-04-1993,8.7,76.66,7.472,1104,259547,61.5,5621.8,636,6808.939,64,1258,4690,66.1,4.7,7.1,127000
01-05-1993,8.2,77.03,7.465,1112,259822,61.7,5637.9,648,6808.939,64,1260,4753,66.4,5.3,7.1,127000
01-06-1993,7.7,77.516,7.4175,1130,260109,61.8,5632.9,654,6808.939,64,1280,4760,66.5,5.2,7,127000
01-07-1993,7.5,77.885,7.206,1174,260411,61.8,5660.1,663,6882.098,64,1254,4783,66.4,5.3,6.9,127000
01-08-1993,7.6,78.131,7.1125,1230,260717,62,5682,665,6882.098,64,1300,4806,66.4,5.5,6.8,127000
01-09-1993,6.8,78.198,6.915,1251,261015,61.7,5675.1,677,6882.098,64,1343,4823,66.2,4.9,6.7,127000
01-10-1993,6.2,78.172,6.834,1287,261294,61.8,5669.1,687,7013.738,64.1,1392,4868,66.3,5,6.8,127000
01-11-1993,6.2,78.17,7.155,1357,261550,61.9,5694.4,695,7013.738,64.1,1376,4887,66.3,4.8,6.6,127000
01-12-1993,9,78.113,7.172,1461,261796,62,5893.8,703,7013.738,64.1,1533,4925,66.4,4.5,6.5,127000
01-01-1994,7,78.198,7.06,1390,262021,62.2,5779,709,7115.652,64,1272,4940,66.6,5.9,6.6,130000
01-02-1994,6.4,78.204,7.1525,1269,262237,62.3,5798,716,7115.652,64,1337,4923,66.6,5,6.6,130000
01-03-1994,6.7,78.349,7.675,1342,262491,62.1,5829.4,732,7115.652,64,1564,4990,66.5,4.8,6.5,130000
01-04-1994,6.3,78.701,8.316,1392,262754,62.3,5890.5,740,7246.931,63.9,1465,5047,66.5,5.2,6.4,130000
01-05-1994,7.5,79.208,8.5975,1396,263014,62.5,5911.1,749,7246.931,63.9,1526,5084,66.6,5.3,6.1,130000
01-06-1994,6.8,79.701,8.3975,1357,263294,62.3,5917.5,757,7246.931,63.9,1409,5097,66.4,6.2,6.1,130000
01-07-1994,6.9,80.063,8.614,1335,263580,62.3,5946.4,764,7331.075,63.9,1439,5125,66.4,6.3,6.1,129700
01-08-1994,6.4,80.317,8.5125,1377,263871,62.6,5968.7,773,7331.075,63.9,1450,5139,66.6,6.1,6,129700
01-09-1994,6.7,80.34,8.64,1412,264159,62.7,6001.5,774,7331.075,63.9,1474,5175,66.6,6,5.9,129700
01-10-1994,7,80.304,8.925,1397,264430,62.9,6065.3,775,7455.288,64.1,1450,5177,66.7,5.6,5.8,132000
01-11-1994,6.9,80.17,9.17,1340,264681,63,6075.4,785,7455.288,64.1,1511,5210,66.7,6.3,5.6,132000
01-12-1994,7,80.078,9.198,1396,264924,63.1,6108.1,784,7455.288,64.1,1455,5226,66.7,6.6,5.5,132000
01-01-1995,7.3,80.027,9.1475,1282,265157,63,6148.6,783,7522.289,64.4,1407,5234,66.8,6.8,5.6,130000
01-02-1995,7.7,79.992,8.8275,1254,265383,63.1,6173.3,793,7522.289,64.4,1316,5192,66.8,7.3,5.4,130000
01-03-1995,7.4,80.078,8.462,1226,265625,63.1,6200.3,771,7522.289,64.4,1249,5242,66.7,6.8,5.4,130000
01-04-1995,6.8,80.369,8.32,1259,265877,63.1,6223.9,761,7580.997,64.7,1267,5252,66.9,6.7,5.8,133900
01-05-1995,7,80.691,7.955,1271,266134,62.7,6238.3,758,7580.997,64.7,1314,5220,66.5,6.3,5.6,133900
01-06-1995,6.5,81.069,7.566,1305,266414,62.7,6267.4,759,7580.997,64.7,1281,5250,66.5,5.8,5.6,133900
01-07-1995,6.9,81.413,7.6075,1354,266700,62.8,6296.3,762,7683.125,64.8,1461,5262,66.6,5.6,5.7,132000
01-08-1995,6.6,81.655,7.86,1386,266998,62.8,6319,774,7683.125,64.8,1416,5286,66.6,6.1,5.7,132000
01-09-1995,6.6,81.739,7.636,1421,267304,62.9,6347.7,780,7683.125,64.8,1369,5324,66.6,6.3,5.6,132000
01-10-1995,7,81.727,7.475,1400,267585,62.9,6373.5,781,7772.586,65.1,1369,5353,66.6,6.3,5.5,138000
01-11-1995,6.4,81.631,7.3775,1430,267829,62.8,6394,786,7772.586,65.1,1452,5358,66.5,6.8,5.6,138000
01-12-1995,6,81.514,7.2,1442,268047,62.7,6417.8,799,7772.586,65.1,1431,5344,66.4,6.4,5.6,138000
01-01-1996,6.5,81.427,7.03,1387,268258,62.7,6453.9,803,7868.468,65.3,1467,5355,66.4,6.4,5.6,137000
01-02-1996,6.6,81.399,7.075,1420,268480,62.9,6517.8,793,7868.468,65.3,1491,5415,66.6,5.3,5.5,137000
01-03-1996,6.4,81.665,7.624,1437,268724,63,6560.4,814,7868.468,65.3,1424,5446,66.6,6.2,5.5,137000
01-04-1996,5.5,82.125,7.925,1463,268980,63,6597.3,827,8032.84,65.4,1516,5474,66.7,6,5.6,139900
01-05-1996,6.5,82.602,8.07,1457,269247,63,6637.3,832,8032.84,65.4,1504,5498,66.7,5.9,5.6,139900
01-06-1996,6.9,83.049,8.32,1429,269527,63.2,6681.3,826,8032.84,65.4,1467,5534,66.7,6,5.3,139900
01-07-1996,6.5,83.419,8.245,1450,269822,63.3,6681.6,824,8131.408,65.4,1472,5557,66.9,5.7,5.5,140000
01-08-1996,6.4,83.645,8.002,1413,270130,63.3,6709.4,820,8131.408,65.4,1557,5586,66.7,5,5.1,140000
01-09-1996,6.4,83.702,8.23,1392,270433,63.4,6747.4,824,8131.408,65.4,1475,5610,66.9,5.2,5.2,140000
01-10-1996,6.1,83.629,7.915,1358,270730,63.5,6768.8,821,8259.771,65.4,1392,5643,67,5.6,5.2,144100
01-11-1996,6.2,83.557,7.618,1412,271002,63.4,6802.4,829,8259.771,65.4,1489,5668,67,5.2,5.4,144100
01-12-1996,6.1,83.491,7.5975,1411,271243,63.4,6836.6,814,8259.771,65.4,1370,5675,67,5,5.4,144100
01-01-1997,5.9,83.531,7.824,1382,271472,63.4,6884.8,817,8362.655,65.5,1355,5675,67,4.7,5.3,145000
01-02-1997,6,83.597,7.65,1445,271703,63.4,6920.9,810,8362.655,65.5,1486,5722,66.9,4.5,5.2,145000
01-03-1997,6.1,83.912,7.8975,1436,271952,63.6,6960.8,808,8362.655,65.5,1457,5751,67.1,4.1,5.2,145000
01-04-1997,6.2,84.321,8.1425,1421,272213,63.7,6972.8,810,8518.825,65.7,1492,5764,67.1,4.7,5.1,145800
01-05-1997,6.5,84.864,7.944,1414,272482,63.8,7001.3,816,8518.825,65.7,1442,5793,67.1,4.6,4.9,145800
01-06-1997,6.3,85.398,7.69,1402,272767,63.7,7035.8,826,8518.825,65.7,1494,5793,67.1,4.4,5,145800
01-07-1997,5.8,85.841,7.4975,1440,273074,63.9,7071.7,836,8662.823,65.8,1437,5817,67.2,4.4,4.9,145000
01-08-1997,5.7,86.151,7.48,1449,273395,63.9,7119.4,836,8662.823,65.8,1390,5846,67.2,4.3,4.8,145000
01-09-1997,5.9,86.311,7.43,1494,273703,63.9,7158.1,846,8662.823,65.8,1546,5874,67.1,4.2,4.9,145000
01-10-1997,5.9,86.408,7.294,1499,273989,63.9,7205.1,858,8765.907,65.8,1520,5883,67.1,4.3,4.7,144200
01-11-1997,6.1,86.632,7.205,1469,274249,64.1,7257,865,8765.907,65.8,1510,5899,67.2,3.9,4.6,144200
01-12-1997,6.1,86.848,7.095,1456,274499,64,7300,872,8765.907,65.8,1566,5938,67.2,4.4,4.7,144200
01-01-1998,7,87.163,6.994,1555,274732,64,7368.9,886,8866.48,66,1525,5983,67.1,4,4.6,152200
01-02-1998,7,87.373,7.0425,1647,274943,64,7416.5,896,8866.48,66,1584,5997,67.1,3.9,4.6,152200
01-03-1998,7.1,87.877,7.1275,1605,275175,64,7464,905,8866.48,66,1567,5969,67.1,4.1,4.7,152200
01-04-1998,6.9,88.558,7.14,1547,275434,64.1,7501.7,906,8969.699,66.1,1540,6049,67,4,4.3,149500
01-05-1998,6.6,89.374,7.144,1554,275700,64.1,7547,912,8969.699,66.1,1536,6087,67,3.9,4.4,149500
01-06-1998,6.5,90.195,6.9975,1551,275976,64,7584.4,927,8969.699,66.1,1641,6130,67,3.8,4.5,149500
01-07-1998,6.6,90.859,6.952,1610,276266,64,7616.9,938,9121.097,66.6,1698,6172,67,4,4.5,153000
01-08-1998,6.5,91.407,6.9225,1654,276566,63.9,7656.2,941,9121.097,66.6,1614,6215,67,4.1,4.5,153000
01-09-1998,6.1,91.751,6.7225,1577,276859,64.2,7678.1,952,9121.097,66.6,1582,6225,67.2,4.1,4.6,153000
01-10-1998,5.9,91.999,6.71,1719,277140,64.1,7708.8,972,9293.991,66.5,1715,6262,67.2,4,4.5,153000
01-11-1998,6,92.197,6.865,1672,277402,64.2,7745.7,976,9293.991,66.5,1660,6301,67.1,3.5,4.4,153000
01-12-1998,5.5,92.443,6.738,1742,277658,64.3,7771.8,1003,9293.991,66.5,1792,6378,67.2,3.8,4.4,153000
01-01-1999,6.1,92.714,6.785,1732,277891,64.4,7813.1,973,9411.682,66.7,1748,6357,67.2,3.9,4.3,157400
01-02-1999,6,92.981,6.8075,1720,278095,64.2,7840.9,989,9411.682,66.7,1670,6429,67.2,4,4.4,157400
01-03-1999,5.6,93.611,7.04,1665,278324,64.2,7855.9,994,9411.682,66.7,1710,6402,67,4.1,4.2,157400
01-04-1999,4.7,94.436,6.916,1600,278584,64.2,7871.1,991,9526.21,66.7,1553,6480,67.1,3.9,4.3,158700
01-05-1999,4.4,95.36,7.145,1640,278859,64.3,7894.2,989,9526.21,66.7,1611,6516,67.1,4,4.2,158700
01-06-1999,4.3,96.363,7.55,1702,279148,64.2,7925.1,981,9526.21,66.7,1559,6547,67.1,3.9,4.3,158700
01-07-1999,4.4,97.192,7.632,1682,279448,64.2,7965.8,983,9686.626,66.8,1669,6571,67.1,4,4.3,159100
01-08-1999,4.3,97.897,7.9425,1671,279752,64.2,8016.9,989,9686.626,66.8,1648,6586,67,4,4.2,159100
01-09-1999,3.7,98.399,7.8225,1551,280053,64.2,8041.2,983,9686.626,66.8,1635,6613,67,4.5,4.2,159100
01-10-1999,4,98.832,7.852,1649,280337,64.3,8102.4,983,9900.169,66.9,1608,6640,67,4.2,4.1,165300
01-11-1999,4.1,99.149,7.7375,1672,280594,64.4,8165.3,983,9900.169,66.9,1648,6687,67.1,4.3,4.1,165300
01-12-1999,3.7,99.543,7.912,1683,280846,64.4,8251.2,983,9900.169,66.9,1708,6709,67.1,4.3,4,165300
01-01-2000,4.5,100,8.21,1727,281083,64.6,8348,991,10002.179,67.1,1636,6752,67.3,4.3,4,165300
01-02-2000,4,100.571,8.325,1692,281299,64.6,8408.8,998,10002.179,67.1,1737,6730,67.3,4.3,4.1,165300
01-03-2000,3.8,101.466,8.24,1651,281531,64.6,8468.3,988,10002.179,67.1,1604,6811,67.3,4.3,4,165300
01-04-2000,4.3,102.541,8.1525,1597,281763,64.7,8506.8,989,10247.72,67.3,1626,6794,67.3,4.4,3.8,163200
01-05-2000,4.3,103.702,8.515,1543,281996,64.4,8544.5,985,10247.72,67.3,1575,6770,67.1,4.4,4,163200
01-06-2000,4.3,104.855,8.288,1572,282247,64.5,8597.8,982,10247.72,67.3,1559,6778,67.1,4.8,4,163200
01-07-2000,4.7,105.722,8.1475,1542,282504,64.2,8665.3,979,10318.165,67.5,1463,6794,66.9,4.1,4,168800
01-08-2000,4.8,106.522,8.0275,1552,282769,64.2,8712.2,976,10318.165,67.5,1541,6796,66.9,4.4,4.1,168800
01-09-2000,4.1,107.135,7.912,1570,283033,64.2,8757.7,970,10318.165,67.5,1507,6807,66.9,4,3.9,168800
01-10-2000,4.3,107.728,7.795,1577,283285,64.2,8792.1,972,10435.744,67.5,1549,6814,66.8,4,3.9,172900
01-11-2000,4.3,108.291,7.745,1614,283523,64.3,8809.9,970,10435.744,67.5,1551,6817,66.9,4.2,3.9,172900
01-12-2000,4.1,108.791,7.382,1543,283748,64.4,8844,969,10435.744,67.5,1532,6792,67,3.6,3.9,172900
01-01-2001,4.5,109.214,7.0325,1699,283960,64.4,8940.9,986,10470.231,67.6,1600,6824,67.2,3.8,4.2,169800
01-02-2001,4.6,109.642,7.05,1656,284166,64.3,8975.8,987,10470.231,67.6,1625,6841,67.1,3.7,4.2,169800
01-03-2001,4.9,110.394,6.952,1659,284380,64.3,9009.4,1001,10470.231,67.6,1590,6862,67.2,3.8,4.3,169800
01-04-2001,4.8,111.248,7.0775,1666,284602,64,9008.9,1007,10599,67.8,1649,6844,66.9,3.9,4.4,179000
01-05-2001,4.3,112.203,7.145,1665,284834,63.8,9011.1,1015,10599,67.8,1605,6849,66.7,4,4.3,179000
01-06-2001,4.2,113.272,7.16,1626,285076,63.7,9017.1,1013,10599,67.8,1636,6840,66.7,4.2,4.5,179000
01-07-2001,5.4,114.226,7.1275,1598,285324,63.7,9014.6,1017,10598.02,67.9,1670,6845,66.8,4.2,4.6,172500
01-08-2001,6.5,114.987,6.95,1615,285584,63.2,9001.4,1011,10598.02,67.9,1567,6827,66.5,4.4,4.9,172500
01-09-2001,6.9,115.465,6.8175,1565,285842,63.5,8975.3,1014,10598.02,67.9,1562,6813,66.8,4.4,5,172500
01-10-2001,2.9,115.681,6.6175,1566,286086,63.2,8987.3,1008,10660.465,67.9,1540,6804,66.7,4.3,5.3,171100
01-11-2001,3.4,115.839,6.658,1651,286315,63,8985.1,1011,10660.465,67.9,1602,6784,66.7,4.1,5.5,171100
01-12-2001,3.7,116.056,7.065,1680,286533,62.9,8990.7,996,10660.465,67.9,1568,6785,66.7,3.8,5.7,171100
01-01-2002,5.6,116.437,6.9975,1665,286739,62.7,9015.6,996,10783.5,67.9,1698,6775,66.5,4.2,5.7,188700
01-02-2002,5.4,116.917,6.8925,1787,286935,63,9031.9,1005,10783.5,67.9,1829,6766,66.8,4,5.7,188700
01-03-2002,5.5,117.929,7.014,1691,287131,62.8,9050.7,1013,10783.5,67.9,1642,6755,66.6,4.1,5.7,188700
01-04-2002,5.4,119.209,6.985,1669,287343,62.7,9099.9,1011,10887.46,67.8,1592,6710,66.7,4.3,5.9,187200
01-05-2002,6.1,120.788,6.806,1716,287571,62.9,9131,1019,10887.46,67.8,1764,6684,66.7,4,5.8,187200
01-06-2002,6.1,122.333,6.65,1758,287808,62.7,9164.8,1023,10887.46,67.8,1717,6701,66.6,4.2,5.8,187200
01-07-2002,5.3,123.687,6.485,1738,288051,62.7,9157.5,1029,10984.04,67.9,1655,6688,66.5,4.2,5.8,178100
01-08-2002,5.2,124.729,6.29,1695,288303,62.7,9175.3,1013,10984.04,67.9,1633,6701,66.6,4,5.7,178100
01-09-2002,5.8,125.494,6.0925,1803,288554,63,9197.1,1024,10984.04,67.9,1804,6702,66.7,3.9,5.7,178100
01-10-2002,5.6,126.137,6.1125,1799,288794,62.7,9229.6,1026,11061.433,68.2,1648,6689,66.6,4,5.7,190100
01-11-2002,5.6,126.643,6.068,1771,289012,62.5,9258.8,1031,11061.433,68.2,1753,6713,66.4,4,5.9,190100
01-12-2002,5.3,127.151,6.0475,1896,289214,62.4,9288.3,1033,11061.433,68.2,1788,6700,66.3,4,6,190100
01-01-2003,5.3,127.652,5.916,1808,289412,62.5,9290.1,1049,11174.129,68.1,1853,6704,66.4,4,5.8,186000
01-02-2003,5.2,128.326,5.8425,1854,289606,62.5,9296.2,1044,11174.129,68.1,1629,6667,66.4,4.5,5.9,186000
01-03-2003,4.9,129.308,5.745,1757,289809,62.4,9333.8,1044,11174.129,68.1,1726,6654,66.3,4.1,5.9,186000
01-04-2003,5,130.488,5.8125,1803,290024,62.4,9356.4,1043,11312.766,68.2,1643,6689,66.4,4.1,6,191800
01-05-2003,5.3,131.839,5.484,1835,290250,62.3,9414.4,1047,11312.766,68.2,1751,6706,66.4,3.9,6.1,191800
01-06-2003,5.1,133.225,5.23,1875,290484,62.3,9455.3,1064,11312.766,68.2,1867,6723,66.5,3.5,6.3,191800
01-07-2003,5.9,134.647,5.6325,1885,290726,62.1,9491.6,1078,11566.669,68.3,1897,6735,66.2,3.6,6.2,191900
01-08-2003,5.7,135.966,6.264,1966,290974,62.1,9538.8,1102,11566.669,68.3,1833,6760,66.1,3.5,6.1,191900
01-09-2003,4.9,137.076,6.1475,1961,291222,62,9582.5,1121,11566.669,68.3,1939,6783,66.1,3.8,6.1,191900
01-10-2003,5,137.975,5.952,2012,291463,62.1,9620.4,1135,11772.234,68.5,1967,6784,66.1,3.8,6,198800
01-11-2003,5,138.765,5.9325,1918,291677,62.3,9688.2,1158,11772.234,68.5,2083,6796,66.1,4.1,5.8,198800
01-12-2003,5,139.627,5.876,1987,291868,62.2,9713.2,1183,11772.234,68.5,2057,6827,65.9,4,5.7,198800
01-01-2004,4.6,140.705,5.7125,1952,292046,62.3,9731.8,1191,11923.447,68.7,1911,6848,66.1,3.8,5.7,212700
01-02-2004,4.6,142.029,5.635,1966,292230,62.3,9765.4,1197,11923.447,68.7,1846,6838,66,3.7,5.6,212700
01-03-2004,4.5,144.08,5.445,2066,292434,62.2,9815.8,1219,11923.447,68.7,1998,6887,66,3.6,5.8,212700
01-04-2004,4.9,146.18,5.83,2070,292651,62.3,9865.8,1222,12112.815,69.4,2003,6901,65.9,4,5.6,217600
01-05-2004,4.8,148.335,6.27,2150,292872,62.3,9950,1233,12112.815,69.4,1981,6948,66,3.8,5.6,217600
01-06-2004,5.4,150.518,6.2875,2020,293103,62.4,9988.4,1229,12112.815,69.4,1828,6962,66.1,3.9,5.6,217600
01-07-2004,4.7,152.337,6.056,2112,293350,62.5,10033,1247,12305.307,68.9,2002,6977,66.1,4.5,5.5,213500
01-08-2004,4.7,153.814,5.8675,2056,293603,62.4,10078.2,1238,12305.307,68.9,2024,7003,66,4.3,5.4,213500
01-09-2004,4.1,155.108,5.754,2041,293857,62.3,10110.5,1247,12305.307,68.9,1905,7029,65.8,4.1,5.4,213500
01-10-2004,3.9,156.298,5.7225,2097,294104,62.3,10159.3,1264,12527.214,69.1,2072,7077,65.9,3.9,5.5,228800
01-11-2004,3.4,157.496,5.73,2079,294337,62.5,10171.5,1268,12527.214,69.1,1782,7091,66,4.3,5.4,228800
01-12-2004,6.2,158.67,5.752,2082,294561,62.4,10520.8,1280,12527.214,69.1,2042,7117,65.9,4.1,5.4,228800
01-01-2005,2.7,160.13,5.71,2139,294768,62.4,10247,1302,12767.286,69.2,2144,7095,65.8,4.4,5.3,232500
01-02-2005,2.3,161.924,5.6275,2114,294955,62.4,10282.7,1322,12767.286,69.2,2207,7153,65.9,4.3,5.4,232500
01-03-2005,2.5,164.576,5.928,2062,295149,62.4,10347.9,1311,12767.286,69.2,1864,7181,65.9,4.1,5.2,232500
01-04-2005,2.1,166.999,5.855,2150,295359,62.7,10412.1,1324,12922.656,68.7,2061,7266,66.1,4.3,5.2,233700
01-05-2005,2.6,169.544,5.72,2085,295582,62.8,10464.1,1322,12922.656,68.7,2025,7294,66.1,4.2,5.1,233700
01-06-2005,2,172.015,5.582,2178,295824,62.7,10498,1329,12922.656,68.7,2068,7333,66.1,4.3,5,233700
01-07-2005,1.4,174.098,5.695,2203,296077,62.8,10558.3,1338,13142.642,68.7,2054,7353,66.1,4.2,5,236400
01-08-2005,2,175.923,5.82,2219,296338,62.9,10619.6,1356,13142.642,68.7,2095,7394,66.2,4.5,4.9,236400
01-09-2005,2,177.611,5.774,2263,296606,62.8,10687.7,1377,13142.642,68.7,2151,7415,66.1,4.7,5,236400
01-10-2005,2.3,178.752,6.065,2170,296857,62.8,10767.3,1376,13324.204,68.9,2065,7460,66.1,4.5,5,243600
01-11-2005,2.6,179.673,6.33,2218,297089,62.7,10815.4,1395,13324.204,68.9,2147,7524,66,5,5,243600
01-12-2005,2.5,180.107,6.272,2120,297311,62.8,10853.1,1405,13324.204,68.9,1994,7533,66,4.9,4.9,243600
01-01-2006,3,180.828,6.145,2212,297526,62.9,11038.6,1424,13599.16,68.6,2273,7601,66,5.3,4.7,247700
01-02-2006,3.2,181.5,6.2525,2141,297734,63,11102.6,1423,13599.16,68.6,2119,7664,66.1,6.1,4.8,247700
01-03-2006,3.3,182.749,6.324,2118,297950,63.1,11171.8,1423,13599.16,68.6,1969,7689,66.2,5.9,4.7,247700
01-04-2006,3.1,183.648,6.5075,1998,298170,63,11229.5,1401,13753.424,68.8,1821,7726,66.1,6.3,4.7,246300
01-05-2006,2.9,184.38,6.5975,1905,298401,63.1,11251.1,1409,13753.424,68.8,1942,7713,66.1,6.2,4.6,246300
01-06-2006,2.9,184.547,6.682,1867,298653,63.1,11292.8,1383,13753.424,68.8,1802,7699,66.2,6.3,4.6,246300
01-07-2006,2.3,184.608,6.7625,1763,298910,63,11322.1,1363,13870.188,68.9,1737,7712,66.1,7.3,4.7,235600
01-08-2006,2.5,184.405,6.524,1722,299178,63.1,11346.8,1339,13870.188,68.9,1650,7720,66.2,6.7,4.7,235600
01-09-2006,2.4,184.198,6.4025,1655,299452,63.1,11383.9,1317,13870.188,68.9,1720,7718,66.1,6.7,4.5,235600
01-10-2006,2.4,184.054,6.3575,1570,299710,63.3,11417.8,1283,14039.56,68.8,1491,7682,66.2,7.3,4.4,245400
01-11-2006,2.7,183.631,6.24,1535,299950,63.3,11479.3,1265,14039.56,68.8,1570,7666,66.3,6.6,4.5,245400
01-12-2006,2.6,183.229,6.135,1638,300178,63.4,11587.6,1247,14039.56,68.8,1649,7685,66.4,6.5,4.4,245400
01-01-2007,2.4,182.718,6.2175,1626,300398,63.3,11647.1,1217,14215.651,68.5,1409,7725,66.4,7.2,4.6,257400
01-02-2007,2.8,182.471,6.285,1598,300608,63.3,11734.2,1206,14215.651,68.5,1480,7626,66.3,7.9,4.5,257400
01-03-2007,3,182.194,6.156,1596,300823,63.3,11821.4,1192,14215.651,68.5,1495,7706,66.2,7.9,4.4,257400
01-04-2007,3,182.131,6.18,1470,301045,63,11868.1,1181,14402.082,68.3,1490,7686,65.9,7.4,4.5,242200
01-05-2007,2.8,181.884,6.262,1493,301278,63,11908.7,1164,14402.082,68.3,1415,7673,66,7.8,4.4,242200
01-06-2007,2.7,181.54,6.6575,1407,301528,63,11929.2,1161,14402.082,68.3,1448,7687,66,8.2,4.6,242200
01-07-2007,2.6,180.993,6.695,1361,301790,62.9,11955.7,1144,14564.117,68,1354,7660,66,8.3,4.7,241800
01-08-2007,2.2,180.234,6.572,1321,302064,62.7,11963.1,1123,14564.117,68,1330,7610,65.8,9.2,4.6,241800
01-09-2007,2.3,179.122,6.3825,1261,302334,62.9,12025.5,1108,14564.117,68,1183,7577,66,9.2,4.7,241800
01-10-2007,2.2,177.53,6.375,1192,302590,62.7,12046.8,1096,14715.058,67.8,1264,7565,65.8,8.5,4.7,238400
01-11-2007,1.9,175.162,6.208,1224,302834,62.9,12102.8,1080,14715.058,67.8,1197,7523,66,9.4,4.7,238400
01-12-2007,2.4,173.338,6.095,1149,303062,62.7,12182.7,1059,14715.058,67.8,1037,7490,66,9.6,5,238400
01-01-2008,2.6,171.077,5.758,1094,303280,62.9,12227.8,1041,14706.538,67.9,1084,7476,66.2,9.3,5,233900
01-02-2008,3,169.191,5.9175,1014,303494,62.8,12264.9,1025,14706.538,67.9,1103,7453,66,9.7,4.9,233900
01-03-2008,2.9,167.904,5.97,967,303707,62.7,12314.7,1014,14706.538,67.9,1005,7406,66.1,10.25,5.1,233900
01-04-2008,2.4,167.324,5.9175,1008,303926,62.7,12302.6,1009,14865.701,68.1,1013,7327,65.9,10.25,5,235300
01-05-2008,6.8,167.021,6.036,995,304157,62.5,12879.3,991,14865.701,68.1,973,7274,66.1,10.25,5.4,235300
01-06-2008,4.6,166.537,6.32,1180,304396,62.4,12661,975,14865.701,68.1,1046,7213,66.1,10.25,5.6,235300
01-07-2008,3.6,165.713,6.426,921,304646,62.2,12514.8,955,14898.999,67.7,923,7160,66.1,10.25,5.8,226500
01-08-2008,3.1,164.277,6.4775,858,304903,62,12426,936,14898.999,67.7,844,7114,66.1,10.25,6.1,226500
01-09-2008,3.9,161.912,6.0375,797,305158,61.9,12445,904,14898.999,67.7,820,7044,66,10.25,6.1,226500
01-10-2008,4.9,159.163,6.2,736,305403,61.7,12446.5,876,14608.209,67.5,777,6967,66,10.25,6.5,222500
01-11-2008,6,156.072,6.0875,626,305620,61.4,12387.1,842,14608.209,67.5,652,6813,65.9,10.25,6.8,222500
01-12-2008,5.8,152.545,5.286,554,305827,61,12238.5,806,14608.209,67.5,560,6701,65.8,10.25,7.3,222500
01-01-2009,5.9,149.363,5.0475,545,306035,60.6,12125.6,783,14430.902,67.4,490,6567,65.7,10.25,7.8,208400
01-02-2009,5.4,147.618,5.13,558,306237,60.3,12007.4,756,14430.902,67.4,582,6446,65.8,10.25,8.3,208400
01-03-2009,5.8,146.515,5.0025,513,306438,59.9,11965.3,717,14430.902,67.4,505,6291,65.6,10.25,8.7,208400
01-04-2009,6.5,146.943,4.81,521,306645,59.8,12009.4,677,14381.236,67.4,478,6154,65.7,10.25,9,220900
01-05-2009,7.8,148.169,4.8575,556,306863,59.6,12179.6,650,14381.236,67.4,540,6100,65.7,9.3,9.4,220900
01-06-2009,6.1,149.797,5.42,601,307090,59.4,12042.9,627,14381.236,67.4,585,6010,65.7,8.5,9.5,220900
01-07-2009,5.4,150.749,5.222,595,307322,59.3,11998.4,611,14448.882,67.4,594,5932,65.5,7.9,9.5,214300
01-08-2009,4.4,150.669,5.1925,616,307570,59.1,12011.2,588,14448.882,67.4,586,5855,65.4,7.5,9.6,214300
01-09-2009,5.5,149.628,5.0575,609,307826,58.7,12061.1,576,14448.882,67.4,585,5787,65.1,7.8,9.6,214300
01-10-2009,5.1,148.585,4.952,583,308071,58.5,12069.4,554,14651.249,67.2,534,5716,65,7.4,9.6,219000
01-11-2009,5.5,147.939,4.875,623,308289,58.6,12129.6,532,14651.249,67.2,588,5696,65,7.6,9.6,219000
01-12-2009,5.4,146.664,4.93,664,308495,58.3,12188.2,517,14651.249,67.2,581,5654,64.6,8,9.6,219000
01-01-2010,5.6,145.003,5.03,636,308706,58.5,12267.7,501,14764.61,67.2,614,5580,64.8,8.1,9.6,222900
01-02-2010,5.3,143.053,4.99,650,308904,58.5,12267.6,493,14764.61,67.2,604,5500,64.9,8.3,9.6,222900
01-03-2010,5.3,143.597,4.9675,687,309095,58.5,12330.9,492,14764.61,67.2,636,5537,64.9,7.1,9.6,222900
01-04-2010,6,145.404,5.098,637,309289,58.7,12441.8,488,14980.193,66.9,687,5553,65.2,6.2,9.6,219500
01-05-2010,6.4,147.04,4.8875,575,309485,58.6,12543.7,476,14980.193,66.9,583,5520,64.9,9.3,9.6,219500
01-06-2010,6.2,147.706,4.7375,587,309691,58.5,12550.7,447,14980.193,66.9,536,5516,64.6,8.3,9.4,219500
01-07-2010,6.1,147.566,4.564,579,309913,58.5,12588.7,443,15141.607,66.7,546,5508,64.6,8.9,9.4,224100
01-08-2010,6.2,146.431,4.4275,580,310146,58.6,12652.9,444,15141.607,66.7,599,5524,64.7,8.8,9.5,224100
01-09-2010,6.1,144.612,4.346,563,310385,58.5,12673.4,439,15141.607,66.7,594,5501,64.6,7.6,9.5,224100
01-10-2010,5.9,143.133,4.225,558,310612,58.3,12723.6,436,15309.474,66.5,543,5508,64.4,8.2,9.4,224300
01-11-2010,5.8,141.823,4.3,560,310820,58.2,12765.5,431,15309.474,66.5,545,5506,64.6,8.2,9.6,224300
01-12-2010,6.2,140.632,4.714,632,311020,58.3,12873.1,427,15309.474,66.5,539,5467,64.3,7,9.3,224300
01-01-2011,6.6,139.04,4.755,576,311204,58.3,13080.7,431,15351.448,66.5,630,5427,64.2,7.3,9.1,226900
01-02-2011,6.9,137.735,4.9525,542,311373,58.4,13155.6,424,15351.448,66.5,517,5451,64.1,8.1,9,226900
01-03-2011,6.3,137.788,4.836,583,311551,58.4,13178.2,420,15351.448,66.5,600,5477,64.2,7.2,9,226900
01-04-2011,6.3,139.16,4.84,581,311740,58.4,13212.8,417,15557.539,66,554,5485,64.2,6.7,9.1,228100
01-05-2011,6.3,140.694,4.6375,618,311935,58.3,13239.1,415,15557.539,66,561,5516,64.1,6.6,9,228100
01-06-2011,6.5,141.946,4.51,636,312147,58.2,13295.7,416,15557.539,66,608,5528,64,6.6,9.1,228100
01-07-2011,6.7,142.343,4.545,621,312372,58.2,13375.8,417,15647.68,66.1,623,5547,64,6.7,9,223500
01-08-2011,6.7,141.787,4.27,647,312605,58.3,13400.3,414,15647.68,66.1,585,5552,64.1,6.5,9,223500
01-09-2011,6.4,140.169,4.106,610,312842,58.4,13401.5,417,15647.68,66.1,650,5584,64.2,6.3,9,223500
01-10-2011,6.3,138.411,4.0675,671,313060,58.4,13406.4,422,15842.259,65.9,610,5588,64.1,6,8.8,221100
01-11-2011,6.4,136.667,3.9925,706,313260,58.6,13419.7,433,15842.259,65.9,711,5593,64.1,5.7,8.6,221100
01-12-2011,7.2,135.168,3.958,697,313454,58.6,13548.9,434,15842.259,65.9,694,5611,64,5.3,8.5,221100
01-01-2012,7.4,134.168,3.915,712,313636,58.4,13631.6,441,16068.805,65.6,723,5626,63.7,5.3,8.3,238400
01-02-2012,7.3,133.997,3.89,738,313811,58.5,13731.1,450,16068.805,65.6,704,5629,63.8,4.8,8.3,238400
01-03-2012,7.6,135.865,3.954,806,313993,58.5,13798.5,458,16068.805,65.6,695,5625,63.8,4.9,8.2,238400
01-04-2012,7.9,138.471,3.91,732,314176,58.4,13868.1,463,16207.115,65.6,753,5618,63.7,4.9,8.2,238700
01-05-2012,7.9,141.048,3.798,796,314368,58.5,13850.3,474,16207.115,65.6,708,5604,63.7,4.7,8.2,238700
01-06-2012,7.9,143.169,3.675,794,314576,58.6,13837.1,486,16207.115,65.6,757,5621,63.8,4.8,8.2,238700
01-07-2012,7,144.282,3.55,849,314796,58.5,13752.9,490,16319.541,65.4,740,5632,63.7,4.6,8.2,248800
01-08-2012,6.7,144.705,3.602,840,315031,58.4,13768.5,495,16319.541,65.4,754,5648,63.5,4.6,8.1,248800
01-09-2012,7.2,144.358,3.4975,930,315264,58.7,13914.1,511,16319.541,65.4,847,5661,63.6,4.5,7.8,248800
01-10-2012,7.8,143.968,3.3825,887,315485,58.8,14049.2,520,16420.419,65.3,915,5674,63.8,4.9,7.8,251700
01-11-2012,8.7,143.961,3.352,917,315692,58.7,14230.7,534,16420.419,65.3,833,5684,63.6,4.6,7.7,251700
01-12-2012,10.9,143.869,3.345,941,315877,58.7,14581.4,551,16420.419,65.3,976,5724,63.7,4.5,7.9,251700
01-01-2013,4.9,144.313,3.414,940,316038,58.6,13880.4,559,16648.189,65.2,888,5746,63.7,4,8,258400
01-02-2013,4.7,145.163,3.5325,980,316191,58.6,13902,581,16648.189,65.2,962,5784,63.4,4.1,7.7,258400
01-03-2013,4.8,147.962,3.565,936,316357,58.5,13932.2,596,16648.189,65.2,1010,5802,63.3,4.2,7.5,258400
01-04-2013,5.1,150.969,3.445,1012,316535,58.6,13974.9,606,16728.687,65.1,835,5796,63.4,4.4,7.6,268100
01-05-2013,5.3,153.86,3.536,1003,316729,58.6,14052.5,620,16728.687,65.1,930,5829,63.4,4.6,7.5,268100
01-06-2013,5.4,156.428,4.07,942,316934,58.6,14083.9,629,16728.687,65.1,839,5855,63.4,4.1,7.5,268100
01-07-2013,5.2,158.288,4.37,997,317156,58.7,14072,640,16953.838,65.2,880,5859,63.3,5.5,7.3,264800
01-08-2013,5.2,159.396,4.456,964,317397,58.7,14117.3,654,16953.838,65.2,917,5878,63.3,5.5,7.2,264800
01-09-2013,5.3,159.675,4.49,1004,317635,58.7,14181.7,661,16953.838,65.2,850,5910,63.2,5.4,7.2,264800
01-10-2013,4.7,159.558,4.192,1044,317864,58.3,14152.3,670,17192.019,65.1,925,5931,62.8,4.9,7.2,273600
01-11-2013,4.5,159.365,4.255,1029,318076,58.6,14209.6,687,17192.019,65.1,1100,5963,63,5,6.9,273600
01-12-2013,4.5,159.282,4.4575,1005,318276,58.7,14266.5,707,17192.019,65.1,1002,5932,62.9,5.2,6.7,273600
01-01-2014,5.2,159.37,4.432,976,318464,58.8,14369.2,713,17197.738,64.9,888,5985,62.9,5.1,6.6,275200
01-02-2014,5.3,159.872,4.3025,1039,318642,58.7,14456.4,714,17197.738,64.9,944,6007,62.9,5.3,6.7,275200
01-03-2014,5.2,161.189,4.3425,1067,318827,58.9,14555,726,17197.738,64.9,970,6038,63.1,5.6,6.7,275200
01-04-2014,5.4,162.969,4.3375,1090,319020,58.9,14624.5,743,17518.508,64.8,1043,6084,62.8,5.7,6.2,288000
01-05-2014,5.6,164.684,4.192,1018,319225,58.9,14689.5,754,17518.508,64.8,1007,6109,62.9,5.2,6.3,288000
01-06-2014,5.6,166.214,4.1625,1010,319438,59,14760.1,771,17518.508,64.8,911,6133,62.8,5.7,6.1,288000
01-07-2014,5.5,167.138,4.13,1076,319670,59,14821.1,790,17804.228,64.3,1085,6178,62.9,6.2,6.2,281000
01-08-2014,5.3,167.452,4.115,1047,319919,59,14894.2,793,17804.228,64.3,984,6210,62.9,5.4,6.1,281000
01-09-2014,5.5,167.243,4.1625,1077,320166,59.1,14951.2,797,17804.228,64.3,1023,6242,62.8,5.4,5.9,281000
01-10-2014,5.4,166.911,4.036,1094,320403,59.3,15022.7,806,17912.079,63.9,1074,6259,62.9,5.3,5.7,298900
01-11-2014,5.6,166.659,3.9975,1059,320616,59.2,15094,814,17912.079,63.9,1001,6272,62.9,5.7,5.8,298900
01-12-2014,6,166.461,3.864,1072,320815,59.3,15170.9,826,17912.079,63.9,1073,6293,62.8,5.1,5.6,298900
01-01-2015,6.3,166.251,3.67,1049,320997,59.3,15230.8,830,18063.529,63.8,1085,6320,62.9,4.8,5.7,289200
01-02-2015,6.4,166.633,3.71,1127,321164,59.2,15313.3,830,18063.529,63.8,886,6361,62.7,4.5,5.5,289200
01-03-2015,5.9,168.09,3.77,1072,321344,59.2,15314.2,843,18063.529,63.8,960,6334,62.6,5.1,5.4,289200
01-04-2015,5.9,169.97,3.672,1166,321538,59.3,15373.5,868,18279.784,63.5,1190,6392,62.8,4.9,5.4,289100
01-05-2015,5.8,171.85,3.84,1272,321740,59.4,15442.7,878,18279.784,63.5,1079,6427,62.9,5,5.6,289100
01-06-2015,5.7,173.451,3.9825,1379,321954,59.4,15479,896,18279.784,63.5,1205,6441,62.7,5.4,5.3,289100
01-07-2015,5.6,174.496,4.046,1140,322186,59.3,15518.6,908,18401.626,63.6,1146,6472,62.6,5.2,5.2,295800
01-08-2015,5.6,174.938,3.905,1165,322427,59.4,15550.5,921,18401.626,63.6,1130,6490,62.6,5,5.1,295800
01-09-2015,5.8,175.045,3.89,1144,322670,59.2,15570.5,939,18401.626,63.6,1224,6508,62.4,5.9,5,295800
01-10-2015,5.8,175.051,3.796,1160,322901,59.3,15608,943,18435.137,63.7,1058,6547,62.5,5.6,5,302500
01-11-2015,5.6,175.143,3.9425,1244,323113,59.4,15615.4,962,18435.137,63.7,1172,6598,62.5,5.5,5.1,302500
01-12-2015,5.8,175.117,3.964,1211,323318,59.6,15668.4,970,18435.137,63.7,1146,6630,62.7,5.1,5,302500
01-01-2016,6.1,175.038,3.8725,1171,323509,59.7,15695.5,968,18525.933,63.5,1092,6631,62.7,5.6,4.8,299800
01-02-2016,5.6,175.283,3.66,1172,323687,59.8,15695.9,982,18525.933,63.5,1225,6640,62.8,5.5,4.9,299800
01-03-2016,5.9,176.603,3.694,1118,323871,59.8,15731.6,987,18525.933,63.5,1111,6678,63,5.5,5,299800
01-04-2016,5.5,178.497,3.605,1160,324061,59.7,15758.9,998,18711.702,63.1,1163,6702,62.9,5,5.1,306000
01-05-2016,5.3,180.345,3.6,1205,324260,59.7,15777.2,1010,18711.702,63.1,1148,6689,62.7,5.1,4.8,306000
01-06-2016,4.9,181.917,3.568,1208,324476,59.7,15821.4,1016,18711.702,63.1,1203,6701,62.7,5.3,4.9,306000
01-07-2016,5.1,183.02,3.44,1198,324697,59.8,15891.5,1033,18892.639,63.4,1239,6735,62.8,4.5,4.8,303800
01-08-2016,5.1,183.658,3.435,1201,324924,59.8,15931.3,1038,18892.639,63.4,1171,6736,62.9,5,4.9,303800
01-09-2016,5.1,183.948,3.46,1303,325155,59.7,15999.1,1038,18892.639,63.4,1068,6768,62.9,5.2,5,303800
01-10-2016,5.3,184.022,3.47,1254,325368,59.7,16059.4,1053,19089.379,63.5,1313,6799,62.8,5.2,4.9,310900
01-11-2016,5.4,184.234,3.77,1230,325562,59.7,16107.6,1042,19089.379,63.5,1140,6823,62.7,5.2,4.7,310900
01-12-2016,5,184.406,4.198,1248,325742,59.7,16182.5,1057,19089.379,63.5,1252,6818,62.7,5.4,4.7,310900
01-01-2017,5.3,184.657,4.15,1296,325901,59.9,16293.3,1063,19280.084,63.6,1190,6840,62.8,5.4,4.7,313100
01-02-2017,5.6,185.023,4.1675,1237,326050,60,16363.5,1070,19280.084,63.6,1271,6881,62.9,5.3,4.6,313100
01-03-2017,5.6,186.532,4.196,1273,326207,60.2,16415.1,1071,19280.084,63.6,1190,6902,62.9,5,4.4,313100
01-04-2017,5.7,188.546,4.045,1239,326371,60.2,16476,1075,19438.643,63.9,1146,6916,63,5.4,4.4,318200
01-05-2017,6.3,190.543,4.01,1205,326548,60.1,16573.2,1071,19438.643,63.9,1157,6931,62.8,5.1,4.4,318200
01-06-2017,6,192.271,3.904,1353,326743,60.1,16604,1073,19438.643,63.9,1249,6962,62.8,5.3,4.3,318200
01-07-2017,6,193.516,3.9675,1254,326939,60.2,16665.9,1075,19692.595,63.9,1206,6968,62.9,5.8,4.3,320500
01-08-2017,6.1,194.351,3.88,1336,327140,60.1,16733.7,1083,19692.595,63.9,1159,7002,62.9,6.1,4.4,320500
01-09-2017,5.9,194.822,3.805,1277,327342,60.4,16841.9,1093,19692.595,63.9,1181,7013,63.1,5.3,4.3,320500
01-10-2017,6,195.089,3.895,1360,327528,60.1,16930.8,1101,20037.088,64,1257,7031,62.7,5.5,4.2,337900
01-11-2017,5.6,195.457,3.922,1295,327699,60.1,16997.5,1107,20037.088,64,1273,7068,62.7,4.8,4.2,337900
01-12-2017,5,195.852,3.95,1312,327848,60.1,17058.2,1100,20037.088,64,1177,7091,62.7,5.6,4.1,337900
01-01-2018,5.7,196.119,4.0325,1311,327969,60.1,17141.7,1105,20328.553,64.2,1299,7093,62.7,6,4,331800
01-02-2018,5.8,196.908,4.33,1331,328085,60.4,17204.1,1109,20328.553,64.2,1277,7184,63,5.7,4.1,331800
01-03-2018,5.9,198.576,4.444,1381,328219,60.4,17268.2,1121,20328.553,64.2,1318,7194,62.9,5.2,4,331800
01-04-2018,6,200.619,4.4675,1365,328364,60.4,17328.7,1124,20580.912,64.5,1276,7212,62.9,5.6,4,315600
01-05-2018,6,202.457,4.586,1331,328521,60.5,17404.4,1131,20580.912,64.5,1357,7274,62.9,5.5,3.8,315600
01-06-2018,6.3,204.047,4.57,1338,328692,60.5,17488.4,1126,20580.912,64.5,1192,7292,63,5.8,4,315600
01-07-2018,6.5,204.954,4.5275,1333,328863,60.6,17587.6,1127,20798.73,64.4,1208,7318,63,6,3.8,330900
01-08-2018,6.6,205.332,4.55,1293,329040,60.3,17664,1129,20798.73,64.4,1288,7347,62.6,6.5,3.8,330900
01-09-2018,6.8,205.378,4.6275,1320,329216,60.4,17693.5,1135,20798.73,64.4,1250,7375,62.8,6.6,3.7,330900
01-10-2018,6.7,205.373,4.83,1280,329379,60.5,17749.8,1141,20917.867,64.6,1221,7389,62.9,7.2,3.8,322800
01-11-2018,6.5,205.111,4.866,1334,329527,60.6,17795.7,1144,20917.867,64.6,1181,7386,62.9,6.4,3.8,322800
01-12-2018,8.4,204.703,4.6375,1320,329659,60.6,18012.4,1148,20917.867,64.6,1095,7396,63,7.6,3.9,322800
01-01-2019,8.2,204.209,4.464,1254,329766,60.6,18053.9,1152,21104.133,64.2,1232,7424,63.1,7,4,313000
01-02-2019,8.5,204.439,4.37,1302,329862,60.7,18151.4,1140,21104.133,64.2,1128,7396,63.1,6.4,3.8,313000
01-03-2019,7.9,205.786,4.265,1291,329977,60.6,18229.5,1125,21104.133,64.2,1195,7422,63,5.7,3.8,313000
01-04-2019,7.7,207.698,4.1425,1298,330103,60.6,18262.1,1123,21384.775,64.3,1267,7459,62.9,5.8,3.6,322500
01-05-2019,7.3,209.361,4.072,1338,330240,60.6,18277,1132,21384.775,64.3,1307,7486,62.9,6.7,3.7,322500
01-06-2019,7.1,210.598,3.8025,1301,330393,60.7,18310.5,1142,21384.775,64.3,1228,7511,63,5.2,3.6,322500
01-07-2019,6.8,211.349,3.765,1347,330553,60.8,18328.6,1146,21694.282,64.7,1245,7525,63.1,5.9,3.7,318400
01-08-2019,7,211.708,3.616,1528,330729,60.8,18423.6,1149,21694.282,64.7,1367,7530,63.1,5.4,3.7,318400
01-09-2019,7.2,211.886,3.605,1491,330904,61,18474.4,1161,21694.282,64.7,1300,7551,63.2,5.4,3.5,318400
01-10-2019,7.3,211.979,3.688,1538,331066,61,18549.5,1160,21902.39,65,1332,7556,63.3,5.3,3.6,327100
01-11-2019,7.1,212.117,3.695,1522,331213,61,18630.7,1165,21902.39,65,1346,7545,63.3,5.4,3.6,327100
01-12-2019,6.4,212.248,3.72,1461,331345,61,18583.8,1177,21902.39,65,1551,7528,63.3,5.6,3.6,327100
01-01-2020,7.2,212.409,3.624,1500,331443,61.1,18821.5,1195,21706.513,65.3,1572,7580,63.3,5.7,3.5,329000
01-02-2020,7.7,213.229,3.465,1440,331525,61.1,18925.6,1213,21706.513,65.3,1565,7608,63.3,5.6,3.5,329000
01-03-2020,11.275,215.207,3.45,1348,331634,59.8,18577.4,1215,21706.513,65.3,1267,7539,62.6,6.5,4.4,329000
01-04-2020,11.275,217.254,3.306,1050,331684,55.025,20750.9,1193,19913.143,68,925,6527,60.1,6.9,9.6,322600
01-05-2020,11.275,218.504,3.2325,1253,331685,55.025,19877.2,1180,19913.143,68,1054,7009,60.8,5.4,9.6,322600
01-06-2020,11.275,219.83,3.1625,1329,331728,55.025,19920.9,1183,19913.143,68,1266,7170,61.5,3.8,9.6,322600
01-07-2020,11.275,221.585,3.016,1526,331795,55.2,20191.5,1201,21647.64,67.3,1529,7195,61.5,3.4,9.6,337500
01-08-2020,11.275,224.064,2.935,1564,331870,56.5,19594.2,1213,21647.64,67.3,1377,7225,61.7,3.3,8.4,337500
01-09-2020,11.275,226.817,2.89,1643,331950,56.6,19744.9,1218,21647.64,67.3,1463,7256,61.4,3.4,7.9,337500
01-10-2020,11.275,229.83,2.834,1622,332025,57.4,19758.5,1228,22024.502,65.7,1537,7310,61.7,3.3,6.9,358700
01-11-2020,11.275,232.337,2.765,1713,332063,57.4,19610.4,1248,22024.502,65.7,1545,7317,61.5,4,6.7,358700
01-12-2020,11.275,234.39,2.684,1760,332047,57.4,19775.2,1262,22024.502,65.7,1663,7355,61.5,4.1,6.7,358700
01-01-2021,11.275,236.468,2.735,1866,331992,57.5,21760.9,1282,22600.185,65.6,1602,7363,61.3,4,6.3,369800
01-02-2021,11.275,239.252,2.81,1700,331968,57.6,20254,1286,22600.185,65.6,1422,7291,61.4,4.9,6.2,369800
01-03-2021,11.275,244.249,3.0825,1731,332007,57.8,24471.8,1308,22600.185,65.6,1700,7395,61.5,4.4,6.1,369800
01-04-2021,11.275,249.856,3.06,1714,332073,57.9,21304.2,1320,23292.362,65.5,1484,7406,61.6,4.7,6.1,382600
01-05-2021,9.9,255.481,2.9625,1680,332144,58,20899.7,1338,23292.362,65.5,1600,7394,61.5,5.6,5.8,382600
01-06-2021,8.7,261.206,2.975,1644,332231,58,20934.3,1372,23292.362,65.5,1661,7400,61.7,5.8,5.9,382600
01-07-2021,9.4,265.545,2.868,1618,332358,58.4,21156.5,1387,23828.973,65.4,1593,7415,61.8,5.7,5.4,411200
01-08-2021,8.7,268.821,2.8425,1837,332489,58.6,21207.3,1412,23828.973,65.4,1576,7431,61.7,6.5,5.2,411200
01-09-2021,7.2,271.474,2.9,1636,332594,58.8,21051.2,1437,23828.973,65.4,1560,7472,61.7,6,4.8,411200
01-10-2021,6.6,273.682,3.0675,1727,332692,59,21201.4,1464,24654.603,65.5,1572,7514,61.8,6.8,4.5,423600
01-11-2021,6.2,276.049,3.0675,1775,332790,59.4,21297.7,1493,24654.603,65.5,1712,7560,61.9,6,4.2,423600
01-12-2021,6.1,278.63,3.098,1948,332876,59.5,21352.9,1526,24654.603,65.5,1787,7594,62,5.6,3.9,423600
01-01-2022,4.1,282.015,3.445,1898,332918,59.7,21294.8,1553,25029.116,65.4,1669,7590,62.2,5.8,4,433100
01-02-2022,4.1,287.258,3.7625,1817,332959,59.8,21426.2,1581,25029.116,65.4,1771,7669,62.2,6.2,3.8,433100
01-03-2022,3.4,295.081,4.172,1877,333056,60.1,21510.5,1631,25029.116,65.4,1713,7692,62.4,7,3.6,433100
01-04-2022,3.1,301.728,4.9825,1795,333184,59.9,21581.3,1667.5,25544.273,65.9,1803,7698,62.2,8.5,3.6,449300
01-05-2022,3.1,306.506,5.23,1708,333317,60,21657.1,1667.5,25544.273,65.9,1543,7736,62.3,8.3,3.6,449300
01-06-2022,2.7,308.301,5.522,1701,333460,59.9,21740.7,1667.5,25544.273,65.9,1561,7749,62.2,9.5,3.6,449300
01-07-2022,3.5,307.136,5.4125,1658,333624,59.9,21910.5,1667.5,25994.639,66,1371,7773,62.1,10.1,3.5,468000
01-08-2022,3.2,303.686,5.2225,1586,333799,60.1,22024.3,1667.5,25994.639,66,1505,7781,62.3,8.7,3.7,468000
01-09-2022,3,300.503,6.112,1588,333976,60.1,22121.5,1667.5,25994.639,66,1463,7797,62.3,9.7,3.5,468000
01-10-2022,3,298.727,6.9,1555,334141,60,22242.2,1667.5,26408.405,65.9,1432,7814,62.2,9.7,3.7,479500
01-11-2022,3.3,296.923,6.805,1402,334287,59.9,22267.7,1667.5,26408.405,65.9,1427,7833,62.2,9.4,3.6,479500
01-12-2022,3.4,294.415,6.364,1409,334420,60.1,22312.3,1667.5,26408.405,65.9,1357,7859,62.3,8.5,3.5,479500
01-01-2023,4.4,292.849,6.2725,1354,334533,60.2,22525.3,1667.5,26813.601,66,1340,7885,62.4,8.1,3.4,429000
01-02-2023,4.7,293.468,6.2575,1482,334637,60.2,22648.4,1667.5,26813.601,66,1436,7899,62.5,8.4,3.6,429000
01-03-2023,5.2,297.316,6.544,1437,334753,60.4,22757.9,1667.5,26813.601,66,1380,7890,62.6,8.1,3.5,429000
01-04-2023,5.2,301.469,6.3425,1417,334880,60.4,22815.8,1667.5,27063.012,65.9,1348,7901,62.6,7.6,3.4,418500
01-05-2023,5.3,305.427,6.425,1496,335013,60.3,22893.1,1667.5,27063.012,65.9,1583,7926,62.6,7.2,3.7,418500
01-06-2023,4.9,308.307,6.714,1441,335163,60.3,22941.5,1667.5,27063.012,65.9,1418,7955,62.6,7.5,3.6,418500
01-07-2023,4.1,310.162,6.84,1443,335329,60.4,22994.3,1667.5,27623.543,66,1451,7967,62.6,7,3.5,431000
